user_id,n_tweets,n_replies,n_quotes,n_retweets,max_followers,n_mentions,n_hashtags,n_urls,n_out_urls,f_tweets,f_friends,atypique,commentaire
217841376,1,0,0,0,524,1,1,0,0,0.0115233882080067,0.0,0,
853668801006718980,1,0,0,1,132,1,1,0,0,0.0115233882080067,0.0,0,
1700175834,1,0,0,1,855,1,1,0,0,0.0115233882080067,0.0,0,
231776874,2,0,0,2,94,2,5,0,0,0.2431763615284053,0.0,0,
1183006824,1,0,0,1,7623,3,2,0,0,0.0115233882080067,0.0,1,Followers
554446937,1,0,1,1,397,1,0,1,0,0.0115233882080067,0.0,0,
2198363818,2,0,0,2,88,2,4,0,0,0.0278817786407739,0.0139408893203869,0,
1008001523190829056,1,0,0,1,0,1,1,0,0,0.0115233882080067,0.0,0,
3345984059,2,0,0,2,4359,2,8,0,0,54.148773755894325,0.0,1,f tweets
419750036,1,0,1,1,609,1,0,1,0,0.0115233882080067,0.0,0,
1005032133436624896,5,0,2,3,218,6,4,2,0,0.2073194452647639,2.81954445560079,0,
971113541284458496,1,0,1,1,25,1,0,1,0,0.0115233882080067,0.0,0,
879912332180078592,1,0,0,1,434,1,2,0,0,0.0115233882080067,0.0,0,
2231326044,1,0,0,1,455,1,1,0,0,0.0115233882080067,0.0,0,
2153611394,1,0,0,0,93,0,1,0,0,0.0115233882080067,0.0,0,
976879001754009601,1,0,0,1,26,1,1,0,0,0.0115233882080067,0.0,0,
127680123,4,0,0,1,727,1,6,1,1,0.0741000018324312,0.0185250004581078,0,
1006471778363846656,1,0,0,0,0,0,2,1,0,0.0115233882080067,0.0,0,
2714522821,1,0,0,1,1124,1,3,1,1,0.0115233882080067,0.0,0,
28143057,1,0,1,0,540,0,0,1,0,0.0115233882080067,0.0,0,
419372424,1,0,1,0,34,0,0,1,0,0.0115233882080067,0.0,0,
3034695181,1,0,0,1,96,1,0,0,0,0.0115233882080067,0.0,0,
829116685709778944,1,0,0,1,49,1,1,0,0,0.0115233882080067,0.0,0,
582955980,1,0,1,1,622,1,0,1,0,0.0115233882080067,0.0,0,
920740810097876992,3,0,1,2,216,3,3,1,0,0.232400983624252,0.3098679781656693,0,
276210587,1,0,0,0,149,0,1,0,0,0.0115233882080067,0.0,0,
2724426713,5,0,0,3,10736,3,7,0,0,0.0871479411393316,0.0348591764557326,1,Followers
2316645179,2,0,0,0,271,2,3,1,0,1.573904316673046,0.0,0,
366342354,3,0,0,3,184,5,3,0,0,0.1002047377635054,0.0,0,
1852569799,1,0,0,1,19,1,0,0,0,0.0115233882080067,0.0,0,
103686629,2,0,0,0,2272,0,2,2,0,0.0899869597646931,0.0,0,
709463312,2,0,0,0,623,0,4,0,0,0.0278861168479265,0.0418291752718898,0,
2787674506,1,0,0,0,895,0,2,0,0,0.0115233882080067,0.0,0,
3087331659,1,0,0,0,246,0,3,1,0,0.0115233882080067,0.0,0,
247145285,1,0,0,1,187,1,4,0,0,0.0115233882080067,0.0,0,
1730820300,1,0,1,1,122,1,0,1,0,0.0115233882080067,0.0,0,
200022276,5,0,0,1,655,2,6,4,0,0.0688362572559772,0.1376725145119545,0,
880072100391903232,1,0,0,1,109,2,2,0,0,0.0115233882080067,0.0,0,
1007363180245536773,1,0,0,1,0,1,1,0,0,0.0115233882080067,0.0,0,
55176137,1,0,0,0,1108,0,3,0,0,0.0115233882080067,0.0,0,
286388317,1,0,0,0,5458,0,4,0,0,0.0115233882080067,0.0,1,Followers
240474369,1,0,0,1,2115,1,0,0,0,0.0115233882080067,0.0,0,
1693193341,1,0,1,1,208,1,0,1,0,0.0115233882080067,0.0,0,
2330765646,1,0,0,1,53,1,1,1,1,0.0115233882080067,0.0,0,
420586938,6,0,0,0,156,1,7,4,0,2.863549480941885,0.0,0,
528044022,2,0,0,2,21619,2,2,0,0,0.0512734198911743,0.0,1,Followers
842923839810101248,1,0,0,1,1130,1,3,0,0,0.0115233882080067,0.0,0,
3328324059,1,0,1,1,1668,1,0,1,0,0.0115233882080067,0.0,0,
14224011,2,0,0,0,1374,0,1,1,0,0.042887968584563,0.0,0,
1862772295,5,0,0,4,197,5,6,0,0,0.1039075712136312,0.0,0,
3337905753,1,0,0,1,54,1,3,0,0,0.0115233882080067,0.0,0,
535301715,1,0,0,1,15056,6,0,0,0,0.0115233882080067,0.0,1,Followers
123761097,1,0,0,0,230,0,1,0,0,0.0115233882080067,0.0,0,
2202638660,1,0,0,1,2703,1,1,0,0,0.0115233882080067,0.0,0,
131115377,2,0,0,2,380,2,2,0,0,0.0884499532658701,0.0,0,
485945643,1,0,0,1,83,2,2,0,0,0.0115233882080067,0.0,0,
27612662,1,0,0,1,3101,1,4,0,0,0.0115233882080067,0.0,0,
1004908741,1,0,1,1,255,1,0,0,0,0.0115233882080067,0.0,0,
911135258363305984,1,0,0,1,77,1,2,0,0,0.0115233882080067,0.0,0,
894485400,2,0,1,2,264,2,3,1,0,0.0416735970726798,0.0416735970726798,0,
2415770136,1,0,0,1,312,1,1,0,0,0.0115233882080067,0.0,0,
917121381757747200,1,0,0,1,150,1,1,0,0,0.0115233882080067,0.0,0,
1446282888,1,0,0,1,637,1,1,0,0,0.0115233882080067,0.0,0,
753433572,1,0,0,1,543,1,1,0,0,0.0115233882080067,0.0,0,
118988080,1,1,1,0,14,1,0,1,0,0.0115233882080067,0.0,0,
3048680922,2,0,0,2,740,3,2,0,0,0.134292635365764,0.2014389530486461,0,
391590132,2,0,1,1,390,1,1,1,0,1.3281388347795289,0.0,0,
192039536,3,0,0,1,167,2,2,1,0,0.0498690118831621,0.0997380237663243,0,
53375366,2,0,1,0,2447,0,0,2,0,0.0490867826774598,0.0490867826774598,0,
1000705667693506560,2,0,0,1,1,2,3,1,0,399.8889197445154,0.0,1,f tweets
80986907,1,0,0,1,528,1,5,1,1,0.0115233882080067,0.0,0,
3300214125,16,0,0,16,2245,16,35,1,1,18.540597470753493,0.0,1,f tweets
398721058,1,0,0,1,925,2,1,0,0,0.0115233882080067,0.0,0,
2612209941,1,0,0,1,269,1,3,0,0,0.0115233882080067,0.0,0,
161028059,3,0,2,3,1289,3,2,2,0,0.1399620990411468,0.1399620990411468,0,
87521387,1,0,0,1,194,1,2,0,0,0.0115233882080067,0.0,0,
708339562792284160,1,0,0,1,8784,1,3,0,0,0.0115233882080067,0.0,0,
76614123,1,0,0,1,1524,1,1,1,1,0.0115233882080067,0.0,0,
2259207104,1,0,0,1,1653,1,1,0,0,0.0115233882080067,0.0,0,
3265554326,1,0,0,1,307,1,0,0,0,0.0115233882080067,0.0,0,
1000348785791422464,10,0,0,10,43,13,27,0,0,0.1365972595880547,0.3278334230113314,0,
122658363,2,0,1,2,25,2,5,1,0,2181.818181818182,0.0,1,f tweets
248581729,1,0,0,1,13402,1,2,0,0,0.0115233882080067,0.0,1,Followers
149825491,1,0,0,1,1292,1,2,0,0,0.0115233882080067,0.0,0,
2871069722,1,0,0,1,404,1,0,1,1,0.0115233882080067,0.0,0,
4714090743,88,0,2,33,5323,42,152,38,0,1.4438384905674893,0.0,1,Tweets
348843587,5,0,1,5,354,5,8,1,0,0.0799288462753277,0.0159857692550655,0,
726359445987532800,1,0,0,1,18,1,3,0,0,0.0115233882080067,0.0,0,
363836839,1,0,1,1,361,1,0,1,0,0.0115233882080067,0.0,0,
21053544,2,0,1,1,91,2,3,1,0,338.3935705221601,0.0,1,f tweets
2472334436,1,0,0,0,104,0,4,0,0,0.0115233882080067,0.0,0,
20763647,1,0,0,1,759,1,1,0,0,0.0115233882080067,0.0,0,
2602388304,3,0,0,3,334,4,4,1,1,0.0515551747346648,0.0171850582448882,0,
40852252,2,0,0,0,575,0,5,0,0,0.0761840243307225,0.0761840243307225,0,
188971622,1,0,1,0,288,0,0,1,0,0.0115233882080067,0.0,0,
136559300,1,0,1,1,375,1,0,0,0,0.0115233882080067,0.0,0,
709852368,1,0,1,1,332,1,0,1,0,0.0115233882080067,0.0,0,
792669771066114048,1,0,1,1,37,3,2,0,0,0.0115233882080067,0.0,0,
74459044,1,0,1,0,1285,0,0,1,0,0.0115233882080067,0.0,0,
832295417178120192,2,0,0,2,230,2,7,0,0,4.599486901683412,0.0,0,
3501989602,10,0,0,5,3820,8,11,3,2,0.163153619515689,2.5451964644447496,1,Mentions
206890899,3,0,1,0,7298,0,3,1,0,2.021495232640409,0.0,1,Followers
1035380762,2,0,0,0,1982,0,2,1,0,0.0576210690286481,0.0,0,
171934520,1,0,0,0,7866,0,3,1,0,0.0115233882080067,0.0,1,Followers
817957305173975040,2,0,0,2,40,2,4,1,1,0.2994342937605129,0.0,0,
392411896,9,0,0,9,540,11,14,1,1,0.1709802485516653,0.0189978053946294,1,Mentions
1862175440,2,0,0,0,28,0,6,0,0,10.907454790872276,0.0,1,f tweets
1249811761,1,0,0,1,175,1,1,1,1,0.0115233882080067,0.0,0,
722435368222523392,1,0,0,1,35,1,1,0,0,0.0115233882080067,0.0,0,
1275408288,1,0,0,0,518,0,1,0,0,0.0115233882080067,0.0,0,
116768680,11,0,0,1,916,1,33,0,0,0.247973789571208,0.0450861435584014,1,Hashtags
198266997,1,0,0,1,2185,1,1,0,0,0.0115233882080067,0.0,0,
857589044405993473,1,0,0,0,35,0,5,0,0,0.0115233882080067,0.0,0,
255372754,1,0,0,1,172,1,2,0,0,0.0115233882080067,0.0,0,
260416387,4,0,0,3,1518,3,7,0,0,0.0734146256882404,0.0550609692661803,0,
1280538974,1,0,0,1,171,1,2,0,0,0.0115233882080067,0.0,0,
947493580796461056,1,0,1,1,6,1,1,1,0,0.0115233882080067,0.0,0,
373676500,1,0,0,1,212,1,2,0,0,0.0115233882080067,0.0,0,
48238429,1,0,0,1,191,2,1,0,0,0.0115233882080067,0.0,0,
714613588997115904,1,0,1,1,173,1,0,0,0,0.0115233882080067,0.0,0,
2294457854,1,0,0,0,358,0,3,0,0,0.0115233882080067,0.0,0,
53089697,1,0,1,0,2801,0,0,1,0,0.0115233882080067,0.0,0,
999174994327465985,1,0,0,1,11,1,2,0,0,0.0115233882080067,0.0,0,
809633549108252672,1,0,0,1,5,1,5,0,0,0.0115233882080067,0.0,0,
1566931399,2,0,0,2,227,2,2,0,0,2.5946095545055394,0.0,0,
710842560785199104,1,0,0,1,599,1,1,0,0,0.0115233882080067,0.0,0,
890448391,2,0,1,2,599,2,1,1,0,0.1194283185343677,0.0,0,
205365193,5,1,2,3,4643,10,6,2,0,0.1024216145477021,0.0204843229095404,1,Mentions
2171375114,5,0,1,5,158,5,6,2,1,0.1736154431245309,0.0347230886249061,0,
229029416,2,0,0,2,436,3,2,0,0,0.0280526131903363,0.0140263065951681,0,
34395835,1,0,0,1,136,1,1,1,1,0.0115233882080067,0.0,0,
20693938,1,0,0,0,1197,0,1,0,0,0.0115233882080067,0.0,0,
329569808,1,0,0,1,2575,2,1,0,0,0.0115233882080067,0.0,0,
737089138395058176,3,0,0,2,12368,3,5,0,0,0.0568084907821859,0.0946808179703098,1,Followers
14766585,8,1,1,0,2031,2,16,2,0,0.1889194455159172,0.0472298613789793,0,
874817124149194752,4,0,2,1,681,1,2,2,0,0.0551073225439165,0.0137768306359791,0,
1949121762,4,0,1,1,46,1,13,1,0,1.2381108045544935,0.3095277011386234,0,
940696727203581953,1,0,0,1,503,1,3,0,0,0.0115233882080067,0.0,0,
88984389,1,0,0,1,33,1,1,0,0,0.0115233882080067,0.0,0,
815366087642447872,1,0,0,1,10,2,2,0,0,0.0115233882080067,0.0,0,
214754295,1,0,1,0,4215,0,2,1,0,0.0115233882080067,0.0,0,
370268271,2,0,0,0,57769,0,10,1,0,29.72614786281383,0.0,1,Followers
492920726,1,0,0,1,183,1,0,0,0,0.0115233882080067,0.0,0,
882269532638859264,1,0,0,1,14,1,5,0,0,0.0115233882080067,0.0,0,
2176212944,2,0,0,0,108,0,2,0,0,0.0460779056301709,0.1612726697055984,0,
551795789,1,0,0,0,482,0,2,0,0,0.0115233882080067,0.0,0,
960218486797688837,1,0,0,1,51,1,1,0,0,0.0115233882080067,0.0,0,
297880732,3,0,0,3,15,4,8,0,0,0.1337428026094062,0.0,0,
448251934,2,0,0,0,318,0,2,0,0,0.0686217982784468,0.0343108991392234,0,
26325975,6,0,0,1,749,1,9,1,1,0.1043329810662254,0.0,0,
4113027263,1,0,0,1,38,1,1,0,0,0.0115233882080067,0.0,0,
989971031052910598,2,0,0,2,50,2,10,0,0,0.0682448955945986,0.0341224477972993,0,
2757821482,1,0,1,0,196,0,0,1,0,0.0115233882080067,0.0,0,
2338681497,1,0,0,1,52294,1,0,0,0,0.0115233882080067,0.0,1,Followers
987468364816711680,2,0,0,2,16,3,2,0,0,111.11454057223987,0.0,1,f tweets
874926546,3,0,0,3,672,3,1,0,0,112.63962620331452,0.0,1,f tweets
825411950750347265,2,0,0,2,5,2,1,1,1,0.0729322580471326,0.1093983870706989,0,
1155098822,1,0,0,1,528,1,0,0,0,0.0115233882080067,0.0,0,
1899069884,1,0,0,1,176,1,1,0,0,0.0115233882080067,0.0,0,
873361760,1,0,1,1,5,1,0,1,0,0.0115233882080067,0.0,0,
972716510207795200,3,0,0,3,20,5,5,0,0,164.93333944197553,0.0,1,f tweets
796227222,1,0,1,1,126,1,0,1,0,0.0115233882080067,0.0,0,
981540011639263232,8,0,1,0,29,0,21,2,0,0.1426601776958331,0.0,0,
421882047,1,0,0,1,1596,1,1,0,0,0.0115233882080067,0.0,0,
882658824934608896,1,0,1,0,11614,0,0,1,0,0.0115233882080067,0.0,1,Followers
362559284,1,0,1,0,315,0,0,1,0,0.0115233882080067,0.0,0,
532628250,4,0,0,4,886,4,6,0,0,3.2255369343018607,0.0,0,
452968854,1,0,0,0,75,0,2,0,0,0.0115233882080067,0.0,0,
119477651,2,0,0,0,458,0,11,0,0,0.0767203025405459,0.0,0,
505027003,1,0,0,1,60,1,1,0,0,0.0115233882080067,0.0,0,
2849091404,1,0,0,1,464,1,1,0,0,0.0115233882080067,0.0,0,
996992766243586051,7,0,0,7,29,7,29,0,0,0.1952411957435467,0.0,0,
43644225,1,0,0,1,1825,1,1,0,0,0.0115233882080067,0.0,0,
2290336920,1,0,0,1,349,2,1,0,0,0.0115233882080067,0.0,0,
742999091030986752,1,1,0,0,208,0,1,0,0,0.0115233882080067,0.0,0,
722106412961292289,2,0,0,1,801,1,2,0,0,12.350253180190194,0.0,1,f tweets
301954928,4,0,0,0,652,0,7,4,4,0.0555562909476629,0.0277781454738314,0,
3122954800,3,0,0,3,292,4,6,0,0,0.1348116243470093,0.3594976649253582,0,
2516558808,1,0,1,0,947,0,0,1,0,0.0115233882080067,0.0,0,
735758610102247424,1,0,0,1,192,1,3,0,0,0.0115233882080067,0.0,0,
1673861550,2,0,0,2,46,2,3,0,0,0.0502042133077172,0.0,0,
28405946,1,0,0,0,4015,0,1,1,0,0.0115233882080067,0.0,0,
1523164609,3,0,1,0,431,0,2,2,0,0.0936460098454038,0.0312153366151346,0,
977563540218437632,1,0,1,1,1,3,2,0,0,0.0115233882080067,0.0,0,
107973672,1,0,1,0,227,0,0,1,0,0.0115233882080067,0.0,0,
4773565166,20,0,8,12,62,19,29,9,1,0.2515248001059925,0.0125762400052996,1,Hashtags
3646905197,2,0,0,2,230,3,1,0,0,0.1223001104064246,0.0,0,
255754817,2,0,1,1,419,1,2,1,0,65.17724589926495,0.0,1,f tweets
1003547760082259969,2,0,0,2,1,2,0,0,0,35.4166871624347,0.0,1,f tweets
926590133276692480,1,0,0,1,2,1,1,0,0,0.0115233882080067,0.0,0,
914144934306942977,7,0,0,7,1760,9,7,0,0,0.1181463584617619,0.0675122048352925,0,
925459478354554885,2,0,0,2,856,2,1,0,0,0.0320386076613824,0.0800965191534561,0,
991029581263106049,1,0,0,1,355,1,0,0,0,0.0115233882080067,0.0,0,
238738361,1,0,1,1,1085,1,1,0,0,0.0115233882080067,0.0,0,
133318219,1,0,0,1,411,1,2,0,0,0.0115233882080067,0.0,0,
767788966904995840,2,2,0,0,909,4,4,0,0,8.163802154790224,0.0,0,
850850184,7,0,2,5,128,5,13,2,0,0.1048181640694264,0.0449220703154684,0,
3159857628,2,0,1,2,1865,2,1,1,0,0.0413870970654978,0.0620806455982468,0,
257330566,2,0,0,2,693,2,4,0,0,0.0368647833029156,0.0737295666058312,0,
599489689,3,0,0,3,281,3,3,0,0,0.0604328421743615,0.0,0,
